<!DOCTYPE hibernate-mapping PUBLIC "-//Hibernate/Hibernate Mapping DTD 3.0//EN" 
"http://hibernate.sourceforge.net/hibernate-mapping-3.0.dtd">

<hibernate-mapping>
<class name= "p.Emp1" table="empinh" discriminator-value="emp">
<id name="id">
<generator class="assigned"></generator>
</id>
<discriminator column="type" type="string"></discriminator>
<property name="ecode"/>
<property name="ename"/>

<subclass name="p.Reg_emp" discriminator-value="reg_emp">
<property name="salary"></property>
<property name="bonus"></property>
</subclass>

<subclass name="p.Con_emp" discriminator-value="con_emp">
<property name="period"></property>
<property name="commission"></property>
</subclass>
</class>
</hibernate-mapping>