<!DOCTYPE hibernate-mapping PUBLIC "-//Hibernate/Hibernate Mapping DTD 3.0//EN" 
"http://hibernate.sourceforge.net/hibernate-mapping-3.0.dtd">

<hibernate-mapping>
<class name= "p.Emp1" table="empinh3" >
<id name="id" column="id">
</id>
<property name="ecode" column="ecode"/>
<property name="ename" column="ename"/>



<union-subclass name="p.Reg_emp" >
<property name="salary" column="salary1" length="10"></property>
<property name="bonus" column="bonus1" length="10"></property>
</union-subclass>

<union-subclass name="p.Con_emp" >

<property name="period" column="period1" length="10"></property>
<property name="commission" column="commisson1" length="10"></property>
</union-subclass>
</class>
</hibernate-mapping>