<!DOCTYPE hibernate-mapping PUBLIC "-//Hibernate/Hibernate Mapping DTD 3.0//EN" 
"http://hibernate.sourceforge.net/hibernate-mapping-3.0.dtd">

<hibernate-mapping>
<class name= "p.Emp1" table="empinh2" >
<id name="id">
<generator class="assigned"></generator>
</id>


<property name="ecode"/>
<property name="ename"/>

<joined-subclass name="p.Reg_emp" table="reg_emp1">
<key column="dummy1"></key>
<property name="salary"></property>
<property name="bonus"></property>
</joined-subclass>

<joined-subclass name="p.Con_emp" table="con_emp1">
<key column="dummy2"/>
<property name="period"></property>
<property name="commission"></property>
</joined-subclass>
</class>
</hibernate-mapping>