<!DOCTYPE hibernate-mapping PUBLIC "-//Hibernate/Hibernate Mapping DTD 3.0//EN" 
"http://hibernate.sourceforge.net/hibernate-mapping-3.0.dtd">

<hibernate-mapping>
<class name= "p.Teacher" table="teach" discriminator-value="t">
<id name="tid">
<generator class="assigned"></generator>
</id>
<discriminator column="type" type="string"></discriminator>
<property name="tname"/>
<property name="dept"/>


<subclass name="p.Dept" discriminator-value="dept_1">
<property name="did"></property>
<property name="dname"></property>
</subclass>

<subclass name="p.Course" discriminator-value="course_1">
<property name="cid"></property>
<property name="cname"></property>
</subclass>



</class>
</hibernate-mapping>